[
  {
    "id": 1,
    "title": "Image15",
    "image": "images/image15.jpg",
    "tags": []
  },
  {
    "id": 2,
    "title": "Image25",
    "image": "images/image25.jpg",
    "tags": []
  },
  {
    "id": 3,
    "title": "Image31",
    "image": "images/image31.jpg",
    "tags": []
  },
  {
    "id": 4,
    "title": "Image17",
    "image": "images/image17.jpg",
    "tags": []
  },
  {
    "id": 5,
    "title": "Image40",
    "image": "images/image40.jpg",
    "tags": []
  },
  {
    "id": 6,
    "title": "Image28",
    "image": "images/image28.jpg",
    "tags": []
  },
  {
    "id": 7,
    "title": "Image16",
    "image": "images/image16.jpg",
    "tags": []
  },
  {
    "id": 8,
    "title": "Image33",
    "image": "images/image33.jpg",
    "tags": []
  },
  {
    "id": 9,
    "title": "Image34",
    "image": "images/image34.jpg",
    "tags": []
  },
  {
    "id": 10,
    "title": "Image29",
    "image": "images/image29.jpg",
    "tags": []
  }
]